2014-01-27 09:09:42 +0900,RecDesktop,425057119612592128,1
2014-01-27 09:09:44 +0900,PASSPO,427593572137725953,2
2014-01-27 09:21:42 +0900,PASSPO,427596282559885312,9
2014-01-27 21:30:30 +0900,PASSPO,427780309048754176,771
2014-01-27 21:31:17 +0900,PASSPO,427780750398599168,10
2014-01-27 21:32:13 +0900,PASSPO,427780984541421568,14
2014-01-27 21:33:07 +0900,PASSPO,427781166800711680,16
2014-01-27 21:34:33 +0900,PASSPO,427781527917699072,2
2014-01-27 21:47:03 +0900,PASSPO,427784455348973568,46
2014-01-27 21:48:13 +0900,PASSPO,427785038051024896,51
2014-01-27 21:48:26 +0900,PASSPO,427785084863647745,52
2014-01-27 21:49:46 +0900,PASSPO,427785344407179264,55
2014-01-27 21:50:44 +0900,PASSPO,427785524439285760,57
2014-01-27 21:51:14 +0900,PASSPO,427785737635774464,62
2014-01-28 00:58:11 +0900,PASSPO,427832653421621249,464
