keyword,since_id
ウィザード・バリスターズ,429503546107494400
世界征服,429506528924549120
お姉ちゃんが来た,429504625549393921
のうりん,429506558406311936
スペース☆ダンディ,429505522413228032
ウィッチクラフトワークス,429506579763716098
ニセコイ,429506595995656192
とある飛空士への恋歌,429503556542943232
鬼灯の冷徹,429506587422515200
そにアニ,429505967978315778
生徒会役員共,429506595995656192
ノラガミ,429506647480733698
バディ・コンプレックス,429506516773634048
ノブナガ・ザ・フール,429506625452257281
桜Trick,429506694092042240
魔法戦争,429506671660900353
ロボットガールズＺ,429506660525027328
ノブナガン,429506664778051584
銀の匙２期,429506115198410753
未確認で進行形,429506671660900353
最近、妹のようすがちょっとおかしいんだが。,429506732956459008
プピポー,429506182588284929
Wake Up,429506748165001216
ディーふらぐ！,429506573228986368
pupa,429506939731849216
ハマトラ,429506954013069313
となりの関くん,429506647480733698
てさぐれ！部活もの,429506925080756224
ファルコム学園,429503434081853440
